Titre,Nom_Entreprise,Adresse,Salaire,Descriptif_du_poste,Date_de_publication,métier_sc,loc_sc,date_sc,heure_sc,Identifiant,Date
ADMINISTRATEUR SYSTEME WINDOWS F/H,DIRECTION GENERALE DES SYSTEMES D'INFORMATION ET D...,Lognes (77),vide,"Lognes (77)
Au sein de la Section Intergiciels, Systèmes et Stockage du Bureau des Infrastructures d'Hébergement (BIH) de la Sous-Direction des Infrastructures (SDI), vous êtes chargé :

D’installer les serveurs physiques ou virtuels et les logiciels de base (système d’exploitation, base de données et logiciels associés) ;

De gérer les plateformes de virtualisation et d'en suivre la capacité ;

D’appliquer les correctifs nécessaires au bon fonctionnement ;

D’industrialiser et de documenter les procédures d’installation ;

De configurer et d’exploiter des outils de gestion des performances pour procéder aux optimisations nécessaires et pour renseigner les tableaux de bord ;

De renseigner, d'exploiter et de faire évoluer des briques d'infrastructures techniques (inventaire, télédistribution, authentification, résolution de noms, dépôts de paquets, supervision matérielle/système/applicative, ...) ;

D’assurer le support technique de second niveau sur les équipements et logiciels de base ;

D’être l’interface des fournisseurs pour le traitement des problèmes complexes ;

D’installer, de qualifier les nouvelles versions des logiciels de base et de rédiger le rapport de qualification ;

De collaborer aux groupes de travail pilotés par le bureau ;

De gérer le parc des licences logicielles ;

De la veille technologique sur le périmètre technique couvert.

Le parc à couvrir est constitué de plusieurs milliers de serveurs répartis dans trois centres de données en région parisienne.
Profil recherché De formation supérieure, vous justifiez d’une expérience significative dans la gestion des projets informatiques. Le poste requiert impérativement de très fortes compétences techniques. Des aptitudes au management de projet seraient un plus appréciable, qui permettraient le cas échéant au candidat d'être chargé de piloter diverses opérations ambitieuses de modernisation du parc mettant en relation de nombreux interlocuteurs au sein de multiples services.

Vous exercerez vos missions sur la base de 38 heures hebdomadaires, générant 16 jours d'ARTT.

Une habilitation Confidentiel Défense sera demandée.
Entreprise La DSI du ministère de l’Intérieur

concourt dans les communications d’information, l’électronique et le numérique à la stratégie de sécurité nationale et à la sécurisation des missions régaliennes. Elle contribue à simplifier, à dématérialiser et à numériser ses activités et à améliorer la qualité du service rendu aux usagers à travers des projets variés d’envergure nationale et européenne. Elle conduit également des projets aussi bien dans le domaine des infrastructures que dans celui des applicatifs et assure le « run » de ses systèmes d’information. Elle innove pour faire évoluer le cadre de travail de ses collaborateurs favorisant leur autonomisation et leur créativité.

Ses collaborateurs partage un socle de valeurs au service de l’intérêt général, tout en leur permettant de rendre compatible les objectifs d’évolutions individuelles et les objectifs collectifs d’un travail collaboratif.

Etre collaborateur à la DSI du ministère de l’Intérieur, c’est :

Travailler de manière agile et collaborative sur des projets impactant la vie de nos concitoyens : e-administration, lutte anti-terrorisme, …

Exercer un métier dans l’univers du numérique animé par l’esprit d’innovation tel que : architecte, administrateur, chef de projet, data-scientist, développeur, expert ET, intégrateur, testeur SSI ; urbaniste…..

Rejoignez-nous et vivez une expérience professionnelle valorisante tout en bénéficiant de perspectives d’évolution tant dans le secteur public que dans le secteur privé !

La DSIC en quelques chiffres :
730 collaborateurs ;

Un budget de 145 Millions d’euros ;

Plus de 500 applications ou services informatiques réalisés.
Apec.fr - il y a 30+ jours
- Continuer pour postuler
Signaler cette offre d'emploi",il y a 30+ jours,"""data scientist""",meaux,03/10/2019,14:58:51,vjk=07664818bfdce350,2019-03-09
Data Scientist H/F,DataValue Consulting,Île-de-France,vide,"Île-de-France
CDI
DataValue Consulting est un cabinet de conseil en management et en technologie, créé en 2014 par une équipe d’experts spécialisés en Data management, Business Intelligence, Big Data, Pilotage de la performance, CRM et Digital.
Notre mission est d’accompagner les entreprises de tous secteurs via des approches innovantes de l’audit, du conseil et de la mise en œuvre. Notre savoir-faire est d’associer à la fois méthodes pragmatiques, expertise technologique et connaissance approfondie des métiers de nos clients et de leurs challenges. Fédérant des talents complémentaires, nous avons développé une offre complète dans une optique ""business oriented"" & ""customer centric"" alliant conseil et solutions.
Dans le cadre de notre forte croissance, nous recherchons :
un(e) Data scientist - H/F en CDI
Rattaché au directeur du pôle Big data, vous interviendrez sur les missions suivantes :
Collecte, intégration et exploration des données internes/externes et structurées/non structurées,
Résolution d'enjeux métier en utilisant les techniques de data science,
Proposition d'optimisations sur les techniques et outils existants pour le traitement de données volumineuses et non structurées (différentes approches de machine learning),
Développement d'algorithmes dont vous mesurez la pertinence, la performance et la robustesse.
Ces missions ne sont pas exhaustives et dépendront de votre capacité à apporter des solutions et à saisir des opportunités.
De formation Bac+5, vous êtes passionné(e) par la Data avec une forte compétence quantitative acquise au cours d'une 1ère expérience. Vous possédez une bonne connaissance de R, Scilab, Scala et Python pour la programmation ainsi que de Hadoop, Spark, Pig, ElasticSearch et Kibana pour les clusters Big Data. Vous connaissez les méthodes de machine learning (classification, Kmeans...).
En nous rejoignant, nous vous garantissons :
Un plan d’évolution personnalisé de votre carrière
Coaching par votre manager
Plan de formation adapté
Obtention de certifications
Une proximité et un suivi direct réalisé par un manager opérationnel ;
Une équipe commerciale dynamique, attentive et à votre écoute ;
Des événements réguliers et festifs réunissant tous nos collaborateurs ;
Des avantages attractifs.
Si vous souhaitez participer à cette belle aventure, alors n’hésitez plus et postulez !
Contrat :
CDI
Expérience :
1 à 3 ans
Niveau d'étude :
BAC + 5 et plus
Lieu de travail :
Île-De-France
il y a 9 mois
- Continuer pour postuler
Signaler cette offre d'emploi",il y a 9 mois,"""data scientist""",meaux,03/10/2019,14:58:51,vjk=406785cda8986e28,2019-02-01
Consultant #Data Scientist 5 ans XP H/F,Devoteam,Île-de-France,vide,"Île-de-France
CDI
Description du poste

Au sein de l'entité Big Data, @Aymen et son équipe n’attendent que vous pour relever de nouveaux défis autour de la Data Science.

Ensemble nous accompagnerons nos clients dans la transformation digitale de leur Système d’information et la mise en place de solutions BIG DATA, dans les environnements on Premise et dans le CLOUD.

Data Scientist…? Soyons honnêtes : ce titre de poste n'a aucun sens. Oui, il s'agit de la data. Mais, non, ce n'est pas vraiment une science. C'est plus compliqué que ça. Dirigé par une vision mathématique et software de la façon dont les big data devraient être traités, Devoteam a construit une offre data as a service complète, ce qui nous permet de :

Manipuler en toute sécurité des ensembles de données relationnelles complexes et volumineux

Concevoir, repérer et mettre au point des algorithmes machine learning

Assembler des stratégies complexes de machine learning, en quelques lignes de code expressif

Packager tout cela dans des solutions prédictives prêtes à être mises en production pour nos clients.

Votre mission exacte dépendra de vos compétences et de vos antécédents. Les rôles typiques des spécialistes de données chez devoteam sont les suivants :

Concevoir et mettre en œuvre de nouveaux algorithmes et stratégies machine learning

Feature engineering

Benchmarker la qualité prédictive et évaluer l'impact business

Construire de nouvelles applications et services prédictifs en collaboration avec l’équipe data

Relever les défis propres à chaque client et à chaque secteur d'activité

Pour vous accompagner dans cette filière d’expertise, My Devoteam Academy te proposera des actions de formation et des certifications avec nos partenaires (HortonWorks, Cloudera, DataStax…)
Aussi vous trouverez du soutien pour approfondir certains sujets grace à Devoteam Research & Innovation et Devolab.

Nous sommes conscients que tout investissement est une prise de risque et mérite compensation. Nous saurons vous proposer un package de rémunération adapté.
Qualifications

Expert Data Science sur une ou plusieurs solutions, issu d’école d’ingénieurs ou en Master 2 en informatique ou Doctorat en informatique, mathématiques ou équivalent.
vous êtes doté d’un excellent relationnel, d’un sens prononcé du service et de la qualité. Vous aimez travailler en équipe, and you are fluent in english, indeed !

Vous possédez idéalement minimum cinq ans d'expérience professionnelle en tant que Data Scientist avec une connaissance approfondie des techniques de Machine Learning (régression, séries temporelles, modèles probabilistes, apprentissage supervisé et non-supervisé, apprentissage par renforcement, optimisation, deep learning)
Très bonnes bases mathématiques (algèbre linéaire, probabilités et statistiques) ainsi qu’une expertise en Python et/ou Scala, expertise en R. Vous avez une expérience avec des paradigmes Big Data (MapReduce, event processing, streaming) et la capacité à coder vos idées et l'ambition d'apprendre les standards méthodologiques les plus élevés.
Désireux de construire des modèles robustes et scalable, vous avez un intérêt réel pour les problématiques du monde business avec super niveau de communication orale et écrite en français et en anglais.
Enfin, vous avez de solides compétences organisationnelles, persévérance et faites attention aux détails, vous faites preuve de pédagogie et de volonté d'expliquer vos modèles des publics de tout niveau. Vous êtes force de proposition pour l'amélioration de services de Data Science dans les plateformes de nos clients et désireux de résoudre des problèmes difficiles en équipe et de contribuer développer un environnement inclusif, intellectuellement stimulant et fun.

Alors n’hésitez plus à répondre à l’annonce de Manuella et rejoignez la communauté des One Devoteam.
Description de l’entreprise

Chez Devoteam, nous sommes des "" Digital Transformakers "". Le respect, la franchise et la passion animent chaque jour notre tribu. Ensemble, nous aidons nos clients du CAC40 à améliorer leurs performances en accompagnant l'adoption des usages digitaux et en construisant des infrastructures à la pointe de la technologie.

Nous intervenons principalement dans les secteurs de la banque, de l'énergie et de l'industrie ainsi que dans la santé, les transports et la distribution.

Cloud, Cybersécurité, Digital Workplace ainsi que Big Data et Project Management n'ont aucun secret pour notre tribu ! Nos 5000 collaborateurs sont certifiés, formés et accompagnés au quotidien pour relever de nouveaux challenges innovants.

En 2017, nous avons réalisé plus de 500 Meuros de chiffre d'affaires. D'ici 2020, nous souhaitons doubler cette performance en recrutant les meilleurs. Es-tu prêt à relever le défi ?

Informations complémentaires

Poste basé en IDF et ouvert uniquement en CDI.

Tous nos postes sont ouverts aux personnes en situation de handicap.

En rejoignant Devoteam, tu auras la possibilité de te connecter avec tes pairs, de partager leur expérience et de développer tes compétences en rejoignant la communauté Big Data partagée par nos 18 pays.
il y a 14 jours
- Continuer pour postuler
Signaler cette offre d'emploi",il y a 14 jours,"""data scientist""",meaux,03/10/2019,14:58:51,vjk=4224f38a8b26a92d,2019-09-19
Data Scientist,Capgemini,Île-de-France,vide,"Île-de-France
CDI
Description de l’entreprise
Sogeti Application | Testing, | Sécurité développe, teste et sécurise des applications innovantes au service des métiers des entreprises et de leur transformation à l’ère digitale. Nous nous appuyons sur des expertises regroupées au sein de quatre activités – Cloud, Testing, Sécurité et Consulting – et sur les forces du groupe Sogeti.
En rejoignant Sogeti, une entreprise du groupe Capgemini, vous rejoignez une communauté de près de 6 000 collaborateurs en France et 25 000 dans le monde animés par la volonté d’innover et d’apporter de la plus-value à nos clients.
Description missions
Intégré(e) au sein du pôle Consulting de Sogeti, vous participerez à aider nos clients à construire ou à transformer leur stratégie de gestion de l'information et évoluerez au sein d'un marché passionnant, innovant et en pleine expansion.
En qualité de Data scientist (H/F), vous intégrez une équipe composée de Consultants BI et Big Data et interviendrez pour des clients des secteurs d'activités divers (industries, télécommunications, public, bancaire…).

Vos principales missions seront :
Etre en charge des phases de recueil du besoin métier
Concevoir des installations et modèles de données propres à l'exploitation Big Data
Implémenter des algorithmes Big Data haute performances,
Rechercher des opportunités d'acquisition de données et développement de nouveaux usages associés

Etablir des recommandations sur les actions à mener et identifier les potentiels de croissance pour l’activité
Modélisation des données
Exploration et préparation des données
Créer des modèles permettant d’anticiper le comportement Utilisateur / Client
Profil
Passionné(e) d’informatique, vous avez idéalement une formation d’ingénieur ou un bac + 5 universitaire. Vous avez déjà participé à un ou plusieurs projets en data science.
Vous êtes doté(e) d'un bon relationnel, faites preuve de rigueur et avez le sens du service. Vous êtes doté(e) d’une personnalité ambitieuse et créative ? Vous avez l’esprit d’équipe ?
Alors, REJOIGNEZ-NOUS !
il y a 9 mois
- Continuer pour postuler
Signaler cette offre d'emploi",il y a 9 mois,"""data scientist""",meaux,03/10/2019,14:58:51,vjk=2136404feccbe178,2019-02-01
Stage-Data Scientist H/F-Paris,Capgemini,Île-de-France,vide,"Île-de-France
Stage
Description de l'entreprise
Capgemini est un leader mondial du conseil, des services informatiques et de la transformation numérique. A la pointe de l’innovation, le Groupe aide ses clients à saisir l’ensemble des opportunités que présentent le cloud, le digital et les plateformes. Fort de 50 ans d’expérience et d’une grande expertise des différents secteurs d’activité, il accompagne les entreprises et organisations dans la réalisation de leurs ambitions, de la définition de leur stratégie à la mise en œuvre de leurs opérations. Pour Capgemini, ce sont les hommes et les femmes qui donnent toute sa valeur à la technologie. Résolument multiculturel, le Groupe compte 200 000 collaborateurs présents dans plus de 40 pays. Il a réalisé un chiffre d'affaires de 12,8 milliards d'euros en 2017.

Depuis 5 ans, le pôle d’excellence Insights & Data de CAPGEMINI transforme les plus grandes entreprises en innovant grâce à la data sous toutes ses formes. En France, nous sommes une équipe de 500 passionné(e)s dont 350 consultant(e)s environ à Paris, et nous continuons de recruter.

Dans ce contexte de croissance, nous avons hâte de rencontrer nos prochain(e)s Data Scientists !

Plus d’informations sur www.capgemini.com. People matter, results count.

Description de la mission
Si tu nous rejoins en tant que Data Scientist H/F tu pourras :
. Participer à explorer, intégrer, analyser, comprendre et visualiser les données
. Développer des prototypes efficients et scalables en utilisant des méthodologies de Machine Learning : moteurs de recommandation, traitement du langage naturel etc.
. Prendre part à l’industrialisation et à l’automatisation des étapes de récupération des données ainsi que des modèles de Machine Learning.

Profil
Tu prépares un diplôme Bac+ 5 en Ecole d’Ingénieur ou de Commerce et :

. Tu veux participer à la réalisation des modélisations descriptives et prédictives
. Tu as un fort attrait pour le Machine Learning
. Tu aspires à maitriser parfaitement Python et R
. English speaker, because we are French but also international

. Une culture forte et bienveillante
. Des clients variés, leaders de leur secteur
. Une approche pragmatique, qui répond aux vrais enjeux des entreprises
Il s'agit d'un stage de pré-embauche.

Tu peux postuler directement en envoyant ta candidature à l'adresse suivante : recrutement.ts.fr@capgemini.com
il y a 30+ jours
- Continuer pour postuler
Signaler cette offre d'emploi",il y a 30+ jours,"""data scientist""",meaux,03/10/2019,14:58:51,vjk=c51691e9c60362b1,2019-03-09
Un Data Scientist / Freelance,Almatek,Île-de-France,vide,"Île-de-France
Temps plein, Freelance / Indépendant
Pour un de mes clients grand compte,je suis à la recherche d’un Data Scientist
Si vous êtes intéressé et disponible; n’hésitez pas à me contacter pour plus de détails
.

Merci.
Freelance-info - il y a 14 jours
- Continuer pour postuler
Signaler cette offre d'emploi",il y a 14 jours,"""data scientist""",meaux,03/10/2019,14:58:51,vjk=2c8ac96dcaa10480,2019-09-19
Consultant en Data Scientist H/F,Scalian,Île-de-France,vide,"Île-de-France
CDI
Votre quotidien :
Tester les hypothèses de manière itérative et converger vers une solution
Tirer profit des algorithmes Machine Learning pour vous aider dans vos investigations
Explorer visuellement et détecter des patterns dans les données
Documenter vos réflexions et publier vos découvertes.

Vos champs d'intervention pourront concerner les problématiques suivantes :
Mise au point, développement et expérimentation d'algorithmes d'apprentissage performants et scalables
Data Mining et statistiques : élaboration de modèles explicatifs et prédictifs d'aide à la décision (ingénierie statistique, économétrie, prévision, diagnostic quantitatif, ...)
Traitement de données massives, non structurées et time-séries
Expérimentation des algorithmes avec des technologies Spark, Hadoop et bases de données nosql
Formations et compétences
Vous avez une formation de haut niveau (PhD / Ecole d'Ingénieur / BAC+5) dans le domaine du traitement de l'information, de l'ingénierie statistique et de l'économétrie et vous justifiez idéalement d'une première expérience en Big Data ou Data Science, de préférence dans un contexte industriel.

Vous avez un excellent niveau en statistiques et analyse quantitative.

Vous maitrisez la programmation en python, R ou compilés (Java, Scala, C++) et avez une expérience dans les environnements UNIX/LINUX.

Vous souhaitez vous impliquer et prendre rapidement des responsabilités sur des missions à forte valeur ajoutée au sein d'une structure dynamique.

Vous aurez la possibilité d'évoluer vers un poste d'architecte Data ou Manager.

Mobile, vous êtes doté(e) d'une ouverture d'esprit et d'une capacité à travailler en équipe et vous souhaitez rejoindre un environnement professionnel motivant où vous partagerez les valeurs que sont la culture du résultat, la qualité et la satisfaction client.

Anglais professionnel indispensable.

Alors n'hésitez plus, postulez !
Localisation du poste
Localisation du poste à pourvoir
France, Ile-de-France
Lieu
ile de france
Critères candidat
Langues
Anglais (Intermédiaire)
il y a 9 mois
- Continuer pour postuler
Signaler cette offre d'emploi",il y a 9 mois,"""data scientist""",meaux,03/10/2019,14:58:51,vjk=6906fd466bfd33a5,2019-02-01
Pré-recrutement Data Scientist - Versailles (F/H),Activus,Île-de-France,vide,"Île-de-France
Pour renforcer les équipes auprès de l'un de nos clients basé à Versailles, nous recherchons un Data Scientist (H/F) en pré-recrutement.
Vos principales missions, si vous les acceptez !
S’insérer dans les outils et les plateformes pour proposer des solutions innovantes basées sur la Data
Répondre à une problématique client
Recueillir le besoin et aller jusqu'à l'intégration de la solution
Rédiger des propositions commerciales, des rapports d’étude ou à choisir un mode de restitution de ses résultats.
Notre Agilité associée à la diversité de nos clients grands-comptes dans les secteurs de la santé, du transport, de la grande distribution, des Télécoms, de la banque et de l'assurance, offrent aujourd’hui à nos équipes de nombreuses perspectives d’évolution.
PROFIL
Ingénieur ou titulaire d'un Bac+5, vous justifiez de 4 ans minimum d'expérience en tant que Data Scientist. Vous maîtrisez les compétences liées à l'analyse et l'exploitation des données ainsi que le Machine Learning.
Vous êtes un véritable Mathématicien (magicien) de la donnée, capable de prendre du recul et d’apporter votre connaissance des algorithmes existants voir d’en créer de nouveaux en les couplant : Machine Learning, Hadoop, Cypher, R, Python, SAS ou MATLAB.
Passionné(e) par la DataScience, vous souhaitez retrouver une ambiance de société de service de proximité qui saura accompagner votre évolution.
Vous avez un esprit de synthèse et d’analyse et une aisance relationnelle. Notre dynamisme et les projets innovants sur lesquels nous évoluons constituent pour ceux qui nous rejoignent une motivation remplie de perspectives.
Alors ! Serez-vous des nôtres ?
ACTIVUS
ACTIVUS-Group est une société de conseil de croissance qui, en 4 ans, est devenue experte dans ses domaines d’intervention :
IA, Big Data, Analytics, DataScience
Conseil et Audit
User Experience et Mobile Apps, DataVizualisation
Sécurité des Systèmes
Infrastructures Cloud et SaaS
Process Industriels
Nous entretenons avec nos partenaires une relation de confiance solide et durable qui s’appuie sur la proximité de nos équipes et l’expertise de nos consultants.
Notre, équipe composée de technophiles passionnés, renforce tous les jours notre ADN par son excellence technologique.
En 2019 notre groupe double ses effectifs en recrutant 100 nouveaux consultants sur tous nos domaines d’expertise.
En complément de nos implantations de proximité à Toulouse et Paris, nous poursuivons notre maillage local en ouvrant quatre agences à : Bordeaux, Lyon, Nantes, Aix/Marseille.
Nous recrutons aussi sur Hambourg, en République Tchèque et en Suisse.
il y a 12 jours
- Continuer pour postuler
Signaler cette offre d'emploi",il y a 12 jours,"""data scientist""",meaux,03/10/2019,14:58:51,vjk=6dfc13eed734f25d,2019-09-21
Data scientist f/h,Pleiade,Île-de-France,vide,"Île-de-France
Vous avez une formation supérieure scientifique en science des données ou informatique (bac+5) et vous souhaitez mettre vos compétences techniques au service du développement de projets numériques innovants ?
Outre votre rigueur, votre curiosité, votre esprit d’équipe, votre maîtrise de l’anglais, vous êtes reconnu.e pour vos aptitudes relationnelles permettant un travail itératif avec les directions métiers.

Nous vous proposons de rejoindre notre Lab (équipe de 4 personnes), pôle nouvellement créé, fer de lance de l’accélération de la transformation numérique de l’INPI.
Nous vous confierons des projets que vous conduirez de bout en bout, de l’analyse des besoins fonctionnels à la mise en production.
Vos missions :
Identifier les besoins et la problématique des directions métiers
Réaliser des preuves de concepts basées sur l’intelligence artificielle répondant aux besoins des métiers
Pour certains projets : concevoir des partenariats avec des acteurs privés, organismes de recherche ou d’autres institutions de la propriété industrielle, ou sélectionner et piloter des prestataires
Contribuer à la mise en production des preuves de concept validées dans les processus métiers, et au suivi de leur performance
Synthétiser et présenter des informations pour faciliter la communication des résultats et la prise de décision
S’insérer dans l’écosystème d’innovation et assurer une veille pour identifier les technologies émergentes et des partenaires pertinents
Echanger avec les offices de propriété industrielle des autres pays et contribuer à des projets communs

Rattaché.e au Responsable du Lab INPI, vous travaillez en relation étroite avec l’ensemble des directions de l’Institut.

Ce poste basé à Courbevoie, nécessite des déplacements sur Lille (1 jour/mois environ) et est ouvert au télétravail.

L’INPI s’inscrit dans une démarche active en faveur de l’emploi des personnes en situation de handicap.
Nous espérons votre réponse à cette opportunité sous la référence 19/33/P auprès de notre conseil Cabinet Sénanque « senanque@pleiade.net ».


A PROPOS DE L’INPI
L’INPI est un établissement public, entièrement autofinancé, placé sous la tutelle du ministère en charge de la propriété intellectuelle, il se situe au cœur de la démarche d’innovation des entreprises françaises. Au-delà de son action d’enregistrement et de délivrance de titres (brevets, marques, dessins et modèles), l’Institut agit en faveur du développement économique par ses actions de sensibilisation et de valorisation de l’innovation et de ses enjeux. Il accompagne ainsi quotidiennement les entreprises dans la création, le développement et l’optimisation de leur stratégie d’innovation. Il participe également activement à l'élaboration et à la mise en œuvre des politiques publiques dans le domaine de la propriété industrielle et de la lutte anti-contrefaçon.
Pléiade - il y a 30+ jours
- Continuer pour postuler
Signaler cette offre d'emploi",il y a 30+ jours,"""data scientist""",meaux,03/10/2019,14:58:51,vjk=271d41240ce52b9b,2019-03-09
Data Scientist (F/H),Activus,Île-de-France,vide,"Île-de-France
Pour renforcer nos pôles DataScience & Analytics, nous recrutons un Data Scientist (H/F).
Vos principales missions, si vous les acceptez !
S’insérer dans les outils et les plateformes pour proposer des solutions innovantes basées sur la Data
Répondre à une problématique client
Recueillir le besoin et aller jusqu'à l'intégration de la solution
Rédiger des propositions commerciales, des rapports d’étude ou à choisir un mode de restitution de ses résultats.
Notre Agilité associée à la diversité de nos clients grands-comptes dans les secteurs de la santé, du transport, de la grande distribution, des Télécoms, de la banque et de l'assurance, offrent aujourd’hui à nos équipes de nombreuses perspectives d’évolution.
PROFIL
Ingénieur ou titulaire d'un Bac+5, dans une discipline nécessitant de fortes bases mathématique (Bio-Recherche, Statistiques, Mathématiques), vous disposez d'une expérience de 3 ans minimum dans un poste similaire.
Vous êtes un véritable Mathématicien (magicien) de la donnée, capable de prendre du recul et d’apporter votre connaissance des algorithmes existants voir d’en créer de nouveaux en les couplant : Machine Learning, Hadoop, Cypher, R, Python,SAS ou MATLAB.
Passionné(e) par la technologie et par les relations humaines, vous souhaitez retrouver une ambiance Start-Up qui saura accompagner votre évolution.

Vous êtes, curieux(se), motivé(e) et avez le sens du travail en équipe. Notre dynamisme et les projets innovants sur lesquels nous évoluons constituent pour ceux qui nous rejoignent un moteur motivant rempli de perspectives.

Vous partagez la vision de nos fondateurs: ""La révolution du BigData, arrêtons d'en parler, vivons-la ensembles"", rejoignez-nous !

Alors ! serez-vous des nôtres ?

ACTIVUS

ACTIVUS-Group c’est une société de conseil en croissance qui en 4 ans est devenue experte dans ses domaines d’intervention :
IA, Big Data, Analytics, DataScience
Conseil et Audit
User Experience et Mobile Apps, DataVizualisation
Sécurité des Systèmes
Infrastructures Cloud et SaaS
Process Industriels
Notre proximité alliée à l’écoute de nos consultants, alimente la relation de confiance qui renforce le dynamisme de nos liens avec nos partenaires : clients, écoles, prestataires, chercheurs.
Notre équipe expérimentée mais toujours geek , renforce tous les jours notre ADN qui favorise les relations humaines dans l’excellence technologique.
En 2019 notre groupe double ses effectifs en recrutant 100 nouveaux consultants sur tous nos domaines d’expertise tout en consacrant plus de 20% de son CA en R&D.
En complément de nos implantations de proximité à Toulouse, Paris, nous poursuivons notre maillage local en ouvrant quatre agences à : Bordeaux, Lyon, Nantes, Aix/Marseille.
Nous recrutons aussi sur Hambourg, en République Tchèque et en Suisse.
il y a 20 jours
- Continuer pour postuler
Signaler cette offre d'emploi",il y a 20 jours,"""data scientist""",meaux,03/10/2019,14:58:51,vjk=b04fc4b56ff87728,2019-09-13
Responsable Technique Data Scientist – Paris H/F,Capgemini,Île-de-France,vide,"Île-de-France
CDI
A propos de nous
Capgemini est le leader mondial du conseil, des services informatiques et de la transformation. Mais pour nous… c’est bien plus que ça ! Depuis 5 ans, notre Pôle d’Excellence Insights & Data transforme les plus grandes entreprises en innovant grâce à la data. En France, nous sommes une équipe de 500 passionné(e)s et nous avons pour ambition de continuer de grandir.

Nous avons donc hâte de rencontrer nos prochains Data Scientists H/F !

A propos du poste
Intégré au sein d’une équipe expérimentée, tu seras notamment en charge des missions suivantes :
Définir les besoins réels de nos clients, et déterminer la meilleure manière d’y répondre en utilisant la data
Participer à la création de stratégies d’extraction et d’analyse de données
Mettre en place et adapter des modèles et outils d'analyse de données
Développer des modèles prédictifs utilisant des algorithmes de Deep Learning
Faire rayonner les pouvoirs de la data chez Capgemini : We want to learn from you !
Vivre des expériences riches dans divers domaines d'activité : de l'industrie au télécom en passant par la finance ou encore le secteur public
Contribuer au développement des projets Big Data/Data Science de A à Z : de la phase d'avant-vente et cadrage jusqu’au prototype et l’industrialisation
Être formé(e) sur les nouvelles technologies, et ce, tout au long de ta carrière
Participer à l’animation de la communauté de Data Science, regroupant plus de 150 Data Scientists

Pourquoi nous rejoindre ?
Une culture forte et bienveillante, et une grande place laissée à la liberté
Des clients variés, leaders de leur secteur
Une approche pragmatique, qui répond aux vrais enjeux des entreprises.
Tu arrives au bon moment pour prendre place dans une équipe à taille humaine, en renouvellement et en hyper croissance.
Pas de profil type chez Capgemini, mais quelques ingrédients pour laisser la magie opérer … !
Tu as une de formation Bac + 5 en école d’ingénieur ou équivalent universitaire avec une spécialisation Data Science
A partir de 6 ans d’expérience
Tu es un(e) passionné(e) de la Data enthousiaste et curieux(se)
Tu es prêt(e) à partager de façon accessible à une audience non « data expert »
Tu sais réaliser des modélisations descriptives et prédictives
Tu as un fort attrait et des connaissances sur Machine Learning
Tu parles au moins un langage de programmation (R, Python,…)
English speaker, because we are French but also international
(BONUS) Data Mining, Text Mining, utilisation de NLP et technologies sémantiques.
il y a 5 mois
- Continuer pour postuler
Signaler cette offre d'emploi",il y a 5 mois,"""data scientist""",meaux,03/10/2019,14:58:51,vjk=9cf54d59dae16d8d,2019-04-05
Data Scientist Expérimenté sur SAS - Paris H/F,Capgemini,Île-de-France,vide,"Île-de-France
A propos de nous
Capgemini est le leader mondial du conseil, des services informatiques et de la transformation. Mais pour nous… c’est bien plus que ça ! Depuis 5 ans, notre Pôle d’Excellence Insights & Data transforme les plus grandes entreprises en innovant grâce à la data. En France, nous sommes une équipe de 500 passionné(e)s et nous avons pour ambition de continuer de grandir.


A propos du poste
Intégré au sein d’une équipe expérimentée, tu seras notamment en charge des missions suivantes :
Définir les besoins réels de nos clients, et déterminer la meilleure manière d’y répondre en utilisant SAS
Participer à la création de stratégies d’extraction et d’analyse de données
Mettre en place et adapter des modèles et outils d'analyse de données
Développer des modèles prédictifs utilisant des algorithmes de Machine Learning ou de data mining

Pourquoi nous rejoindre ?
Une culture forte et bienveillante, et une grande place laissée à la liberté
Des clients variés, leaders de leur secteur
Une approche pragmatique, qui répond aux vrais enjeux des entreprises.
Tu arrives au bon moment pour prendre place dans une équipe à taille humaine, en renouvellement et en hyper croissance.
Pas de profil type chez Capgemini, mais quelques ingrédients pour laisser la magie opérer ... !
Tu as une de formation Bac + 5 en école d’ingénieur ou équivalent universitaire avec une spécialisation Data Science
A partir de 4 ans d’expérience
Tu maîtrise SAS et Shell
Tu as des connaissances sur MapReduce et Hadoop
Tu es prêt(e) à partager de façon accessible à une audience non « data expert »
il y a 30+ jours
- Continuer pour postuler
Signaler cette offre d'emploi",il y a 30+ jours,"""data scientist""",meaux,03/10/2019,14:58:51,vjk=6963465c53950f88,2019-03-09
Consultant Data Science H/F,Groupe HLI,Île-de-France,vide,"Île-de-France
CDI
Le Groupe HLi accompagne ses clients dans leurs projets de transformation numérique :
30 ans d’expérience 130 collaborateurs Présence à Paris-Tunis-Madrid-Casablanca
Centre de recherche agréé Crédit Impôt Recherche sur l’analytique & le big data
Pôles de compétences spécialisés par métier :
Audit/conseil et gestion de projet de transformation numérique
Expertise analytique & big data appliquée aux domaines suivants :
Marketing analytique, connaissance client
Risque & réglementation bancaire
Maintenance prédictive
R&D: big data mining, machine learning, text mining et open data
Création et intégration de solutions :
Solutions de data visualisation
Solutions analytiques et big data
Solutions CRM
Solutions spécifiques, solutions cloud
Partenariat avec les éditeurs, des écoles et universités références dans ces domaines.
Le Poste :
Vous intégrerez le pôle analytics – big data du Groupe HLi, composé d’experts data scientist qui interviennent principalement sur des projets stratégiques pour le compte de grandes entreprises ou au sein de notre pôle R&D.
Vous participerez à plusieurs de nos projets sur les domaines :
de la connaissance client ( Modélisations prédictives des comportements : appétence, vulnérabilité, risque financier…)
de la maintenance prédictive ( détection de panne etc.. )
…
Selon votre niveau d’expertise, vous pourrez être amené(e) à participer aux réponses à appel d’offres, cadrage de projet…
Vous interviendrez sur les phases suivantes :
Extraction, contrôle et transformation de données structurées et/ou non structurées
Construction des algorithmes prédictifs :
Analyse de données structurées et/ou non structurées
Modélisation statistique : modèles de régressions, algorithmes de machine learning, séries temporelles, détermination de profils, recherche opérationnelle…
Restitution des résultats et industrialisation :
Mise en place d’interfaces de data visualisation (cartographies dynamiques, tableaux de bord…)
Réalisation de documents de synthèse et benchmark des méthodes mobilisées.
Le profil recherché :
De formation supérieure en statistiques (ENSAI, ENSAE, Master 2 ou doctorat), vous disposez d’une expérience de minimum 2 ans sur des projets data science.
Indispensable :
Bonnes compétences techniques : R, SQL, NoSQL, Python
Bon niveau rédactionnel
Esprit d’équipe
Appétence pour le conseil
Les + :
Connaissance de Hadoop, Spark et Scala
Anglais courant
Le Groupe HLi respecte l’égalité professionnelle et favorise le principe de non-discrimination à l’embauche.
Il favorise l’évolution des collaborateurs à potentiel et leur permet d’accéder à un spectre de missions diversifié.
Mettre l’offre d’emploi ici
il y a 9 mois
- Continuer pour postuler
Signaler cette offre d'emploi",il y a 9 mois,"""data scientist""",meaux,03/10/2019,14:58:51,vjk=5f92d44a5684b79a,2019-02-01
Data Scientist H/F Paris,LTd,Île-de-France,vide,"Île-de-France
CDI
Nous recherchons pour une grande société spécialisée dans l’acquisition et le traitement de données géométriques, un data scientist pour intervenir au sein du département R&D et développer des solutions de mesure.

Vous serez en charge de développer le traitement du signal :
A travers les capteurs permettant de collecter la data
A travers les process d’acquisition terrain
A travers le développement logiciels et solutions SIG
Profil recherché
Vous êtes idéalement issu d’une formation ingénieure et vous avez des connaissances en informatique, en photogrammétrie, en géométrie.
il y a 8 mois
- Continuer pour postuler
Signaler cette offre d'emploi",il y a 8 mois,"""data scientist""",meaux,03/10/2019,14:58:51,vjk=56580393f5cb7268,2019-02-02
Data Scientist Expérimenté Spécialisé sur SAS - Paris H/F,Capgemini,Île-de-France,vide,"Île-de-France
A propos de nous
Capgemini est le leader mondial du conseil, des services informatiques et de la transformation. Mais pour nous… c’est bien plus que ça ! Depuis 5 ans, notre Pôle d’Excellence Insights & Data transforme les plus grandes entreprises en innovant grâce à la data. En France, nous sommes une équipe de 500 passionné(e)s et nous avons pour ambition de continuer de grandir.

Nous avons donc hâte de rencontrer nos prochains Analytics and SAS H/F !

A propos du poste
Intégré au sein d’une équipe expérimentée, tu seras notamment en charge des missions suivantes :
Participer à la création de stratégies d’extraction et d’analyse de données
Mettre en place et adapter des modèles et outils d'analyse de données
Développer des modèles prédictifs utilisant des algorithmes de Machine Learning ou de data mining

Pourquoi nous rejoindre ?
Une culture forte et bienveillante, et une grande place laissée à la liberté
Des clients variés, leaders de leur secteur
Une approche pragmatique, qui répond aux vrais enjeux des entreprises.
Tu arrives au bon moment pour prendre place dans une équipe à taille humaine, en renouvellement et en hyper croissance.
Pas de profil type chez Capgemini, mais quelques ingrédients pour laisser la magie opérer ... !
Tu as une de formation Bac + 5 en école d’ingénieur ou équivalent universitaire avec une spécialisation Data Science
A partir de 4 ans d'expérience
Tu maîtrise SAS et Shell
Tu as des connaissances sur MapReduce et Hadoop
Tu es prêt(e) à partager de façon accessible à une audience non « data expert »
il y a 4 mois
- Continuer pour postuler
Signaler cette offre d'emploi",il y a 4 mois,"""data scientist""",meaux,03/10/2019,14:58:51,vjk=87f3a2ab3eb3c9f8,2019-03-06
POEI - Data Analyst python/AWS (H/F),Activus,Île-de-France,vide,"Île-de-France
Activus lance une nouvelle POEI pour devenir Data Analyst en Python !
Cette formation de 57 jours vise à l'acquisition d'une compétence complète et la plus large possible dans le domaine de la DataExperience étendue à un savoir faire en développement python.
Axée sur une pratique intensive et la construction d'un projet complet en environnement Data, cette formation apportera des savoirs-faire opérationnels en terme de conception, modélisation, développement et de restitution de données.
La formation se déroule sur Toulouse mais nous recherchons et recrutons également des profils venant de la France entière. A l'issue de la formation, nous nous engageons à vous trouver un emploi en CDI sur les secteurs géographiques de Toulouse, Bordeaux ou Paris, selon votre choix.
Nous vous proposons de monter en compétence sur :
L'analyse et la modélisation
La maîtrise de langage machine learning type R ou python associée à la parfaite maîtrise des environnements de développement AWS
La maîtrise des outils de restitution de données
Le développement en R, Python
Une évolution facilitée vers des métiers de Data Scientist
Vous êtes apte à intervenir dans un environnement challengeant et dynamique, immergé au sein d’équipes pluridisciplinaires.
PROFIL
Ingénieur grandes écoles, diplômés d'un Bac + 5 ou titulaire d'un doctorat vous souhaitez vous réorienter en Data Analyse. Vous avez une première expérience en développement (maîtrise de l'algorithmique et de la programmation).
Idéalement, vous maîtrisez un langage bas niveau (type C, C++), vous avez une connaissance objet et vous maîtrisez les bases de données relationnelles et du langage SQL.
A l'issue de la formation, vous serez accompagné durant 4 mois pour votre première mission. L'objectif étant de vous permettre d'évoluer rapidement sur les métiers de la Data Science.
Passionné(e) par l’informatique et les nouvelles technologies, vous souhaitez retrouver une ambiance dynamique et exigeante, qui vous accompagnera tout au long de votre carrière. Vous êtes curieux, motivé(e) et avez le sens du travail en équipe.
Notre dynamisme et les projets innovants sur lesquels nous évoluons offrent à ceux qui nous rejoignent des opportunités motivantes.
Alors ! Serez-vous des nôtres ?
ACTIVUS
ACTIVUS-Group est une société de conseil de croissance qui, en 4 ans, est devenue experte dans ses domaines d’intervention :
IA, Big Data, Analytics, DataScience
Conseil et Audit
User Experience et Mobile Apps, DataVizualisation
Sécurité des Systèmes
Infrastructures Cloud et SaaS
Process Industriels
Nous entretenons avec nos partenaires une relation de confiance solide et durable qui s’appuie sur la proximité de nos équipes et l’expertise de nos consultants.
Notre équipe composée de technophiles passionnés, renforce tous les jours notre ADN par son excellence technologique.
En 2019, notre groupe double ses effectifs en recrutant 100 nouveaux consultants sur tous nos domaines d’expertise.
En complément de nos implantations de proximité à Toulouse et Paris, nous poursuivons notre maillage local en ouvrant quatre agences à : Bordeaux, Lyon, Nantes, Aix/Marseille.
Nous recrutons aussi sur Hambourg, en République Tchèque et en Suisse.
il y a 30 jours
- Continuer pour postuler
Signaler cette offre d'emploi",il y a 30 jours,"""data scientist""",meaux,03/10/2019,14:58:51,vjk=55122b72cfb39c4a,2019-03-09
GIS ENGINEER / DATA MANAGER,ABYSS ENERGY,Île-de-France,vide,"Île-de-France
CDI
GIS ENGINEER / DATA MANAGER
PROJET :
La prestation objet du présent document s’inscrit dans le cadre du projet : Department
OBJET
La prestation demandée porte sur la réalisation de prestation : GIS Engineer – data manager
COMPETENCES EXIGEES :
Pour la réalisation de la présente prestation, le Titulaire devra apporter les compétences suivantes
Débutant accepté.
Management_GIS_Engineer
Activités managériales:
Gestion de projet SIG, à visée livrables clients, ou livrables internes.
Activités techniques:
Les activités techniques sont matricielles, réparties entre les modes « appel d’offre », « projet » ainsi que « département ».
Rédiger des procédures de standardisation des bases de données SIG.
Identifier les interlocuteurs SIG – DOC CONTROL – CAD du bid/projet (chez le client, en interne, en externe).
Assurer la réception des données contractuelles issues de pre-engineering, des études antérieures.
Récupérer des données des parties prenantes (CAD, DOC Control, Planning, Lead Installation) afin de compléter les géodatabases.
Compléter les géodatabases internes/externes en fonction des standards en vigueur.
Vérifier la complétion des tables attributaires (tags, attributs, métadonnées, hyperliens, données horaires).
Utilisation des outils de Trackings pour suivre les mises à jours.
Veiller aux statuts des livrables et aux statuts des données stockées dans les géodatabases.
Démontrer aux utilisateurs les capacités du Data management.
Réalisation des analyses sur des données géographiques en produisant des documents cartographiques ou des rapports.
Croiser et superposer les données spatiales, attributaires et horaires entre-elles afin de faire « parler » les données (big data).
Faire preuve d’ingéniosité pour récupérer aux mieux et le plus automatiquement possible les données.
Développer ou utiliser des scripts FME.
Savoir modéliser des bases de données géographiques.
Compétences exigées en Management:
Gestion de projet SIG.
Organiser son temps, ses tâches.
Rendre compte.
Compétences Techniques exigées:
Maitrise du logiciel ArcGIS for Desktop 10.5..1 et extensions,
Maitrise des Systèmes d’Information Géographique (Géoréférencement, modélisation de base de données, I/O…, géotraitements, trackings…),
Maitrise de la géodésie et des systèmes de coordonnées.
Maitrise des bases de données (Access (.mdb), Geodatabase ESRI (.gdb)…),
Maitrise des problématiques de Data Management (collecte, I/O, QA/QC, accès, big data, droit…),
Expérience des Gestion Electronique des Documents (GED),
Connaissances des fournisseurs de données pétrolières, : IHS, WoodMackenzie, IHS, GEBCO, NASA, UNESCO…
Connaissance des standards et normes pour les données et métadonnées géographiques: OGC, OGP, ISO, INSPIRE, FGDC…
Programmation : Python, SQL, VBA,…
Performant en Quality Asset / Quality Control (QA/QC),
Connaissance d’autres logiciels (GIS ou CAD):
Global Mapper,
ü FME,
ü MapInfo,
ü ArcGIS for AutoCAD,
ü AutoCAD 2016,
TEXTPAD,
Compétences Fonctionnelles :
Data Management,
Analyse et rigueur,
Rédaction,
Orthographe,
Respect de la qualité, des délais,
Communication,
Synthèse,
Maitrise de l’anglais,
Savoir-être :
Bon relationnel,
Proactivité,
Organisation,
Autonomie,
Esprit de travail en équipe,
Prêt (e) à travailler dans des environnements multiculturels,
Formation
Ingénieur / Master Géosciences, SIG, EP Data Management, Géomatique …
Ingénieur SIG
Activités « Projet »:
Selon compétences, le candidat travaillera seul ou en équipe, sur un à plusieurs « Projet(s) » de type et de difficulté croissante (Appels d’Offres, Front-End Engineering and Design (FEED) ou bien EPCI (Engineering Procurement Construction and Installation)).
Ces trois activités demandent de la lecture et de la rédaction de livrables contractuels en plus de la manipulation des données SIG.
Vous allez :
Apprendre la gestion de projet SIG, planifier, rédiger des roadmaps ou des spécifications techniques, et livrer des services SIG en internes et aux clients de SAIPEM.
- Veiller aux statuts des livrables et aux statuts des données stockées dans les géodatabases.
Rendre des comptes à la Responsable du Département GIS ou son adjoint(e) mais aussi aux responsables du « Projet ».
Activités techniques:
En contact direct avec :
le(s) dessinateur(s) CAD-GIS, vous serez en charge de l’intégration des données géométriques DAO dans le SIG, en utilisant FME, ou vice versa.
les autres ingénieurs des autres corps de métiers, vous serez chargé d’intégrer leurs données dans les bases de données SIG, en respectant les procédures internes mises en place. Vous devrez exporter tout ou partie de ces mêmes données afin de faire circuler l’information et décloisonner les départements.
Les ingénieurs SIG du Département pour le suivi de vos tâches mais aussi la publication vers le web ou bien le développement d’outils.
Vous serez amené à utiliser des outils pythons et respecter les procédures en place.
Vous aimez travailler dans le contexte de data management et de contrôle Qualité des données, alors vous devrez:
récupérer des données géométriques des parties prenantes (CAD, DOC Control, Planning, Lead Installation) afin de compléter les géodatabases.
compléter les géodatabases internes/externes en utilisant des outils pythons et en fonction des standards en vigueur.
croiser et superposer les données spatiales, attributaires et horaires entre-elles afin de faire « parler » les données.
Vous réaliserez des analyses sur des données géographiques parfois en produisant des documents cartographiques ou des atlas de cartes (.pdf) et vous produirez de futurs Maps Services (.mxd) que l’ingénieur Web SIG se chargera de publier.
Selon votre niveau, ceci serait un plus :
Faire preuve d’ingéniosité pour récupérer aux mieux et le plus automatiquement possible les données.
Développer et utiliser des scripts python ou FME ou TALEND.
Savoir modéliser des bases de données géographiques (data model).
Effectuer du support technique de proximité.
Compétences en Management de Projet exigées:
Organiser son temps, ses tâches.
Anticiper et respecter les délais.
Rendre compte.
Compétences Techniques exigées:
Maitrise du logiciel ArcGIS for Desktop 10.5.1 et extensions,
Maitrise de la géodésie et des systèmes de coordonnées,
Connaissance des géo-databases ESRI (.gdb)…),
Notions de programmation : Python, SQL, VBA,…
Connaissance d’autres logiciels (GIS ou CAD):
Global Mapper,
ü FME,
ü MapInfo,
ü AutoCAD 2016,
TEXTPAD,
Compétences Fonctionnelles :
Compréhension des SIG d’entreprises,
Analyse, rigueur, qualité
Communication orale et écrite,
Maitrise de l’anglais, voire d’autres langues,
Compétences Humaines:
Avoir envie d’apprendre :
Data Management,
- Géostatistiques,
- Cartographie,
Standardisation de données,
Bienveillance,
Proactivité,
Méthode,
Autonomie,
Curiosité technologique,
Esprit de travail en équipe,
Prêt (e) à travailler dans des environnements multiculturels,
Formation
Ingénieur / Master Géosciences, SIG, Géomatique, Petroleum Data Management, Data Scientist, …
il y a 17 jours
- Continuer pour postuler
Signaler cette offre d'emploi",il y a 17 jours,"""data scientist""",meaux,03/10/2019,14:58:51,vjk=338b86cb72cfc31c,2019-09-16
Data Analyst - Paris (H/F),Activus,Île-de-France,vide,"Île-de-France
Pour renforcer notre Pôle Big Data, nous recrutons un Data Analyst (H/F).
En fonction de votre profil et de vos souhaits professionnels, vous intervenez chez un de nos clients pour lui apporter votre expertise et votre savoir-faire technologique.
Vos principales missions, si vous les acceptez :
Mener des analyses « Data Science » (R, SAS, Python, D3.js)
Réaliser des pré-analyses constitutives de l'intelligence métier
Mise à disposition de dashboards pour le suivi de KPIs
Design et pilotage de campagnes d’AB Testing & Scorecards
Maintenir, améliorer et concevoir des algorithmes d’extraction d’information provenant de données de différents formats
Mettre en place des protocoles expérimentaux pour démontrer les performances des algorithmes testés
Concevoir et déployer des modèles prédictifs pour piloter les activités marketing et business
Vous assurerez une veille permanente sur de nouvelles méthodologies, librairies, algorithmes et technologies permettant de faire évoluer nos solutions.
Vous êtes apte à intervenir dans un environnement challengeant et dynamique, immergé au sein d’équipes pluridisciplinaires (Data Science, Marketing, Big Data, Finances, Opérationnel …) auxquelles vous souhaitez faire bénéficier de votre expérience technique et fonctionnelle.
Vous effectuez une veille régulière sur les dernières technologies gravitant autour de la data (Dataiku, Spark, Power BI, QlikSense, D3.JS, Highchart.js, plot.ly, Watson, Cortana Intelligence Suite…), et vous êtes force de proposition dans l’évolution des systèmes existants.
Notre Agilité associée à la diversité de nos clients grands-comptes dans les secteurs santé, transport, grande distribution, Télécoms, banque et assurance, offrent aujourd’hui à nos équipes de nombreuses perspectives d’évolution.
PROFIL
Ingénieur grandes écoles, vous justifiez au minimum de 3 années d’expérience dans une fonction de Data Analyst, Data Miner ou Data Scientist ou Business Analyst.
Enfin, vous disposez d’une curiosité vous permettant d’en permanence perfectionner les modèles existants et de comprendre les problématiques métier de nos clients.
Passionné par l’informatique et les nouvelles technologies, vous souhaitez retrouver une ambiance dynamique et exigeante qui saura accompagner votre évolution. Vous êtes curieux, motivé et avez le sens du travail en équipe.
Notre dynamisme et les projets innovants sur lesquels nous évoluons offrent à ceux qui nous rejoignent des opportunités motivantes. Nous saurons vous accompagner dans votre évolution.
Alors ! Serez-vous des nôtres ?
ACTIVUS
ACTIVUS-Group est une société de conseil de croissance qui, en 4 ans, est devenue experte dans ses domaines d’intervention :
IA, Big Data, Analytics, DataScience
Conseil et Audit
User Experience et Mobile Apps, DataVizualisation
Sécurité des Systèmes
Infrastructures Cloud et SaaS
Process Industriels
Nous entretenons avec nos partenaires une relation de confiance solide et durable qui s’appuie sur la proximité de nos équipes et l’expertise de nos consultants.
Notre, équipe composée de technophiles passionnés, renforce tous les jours notre ADN par son excellence technologique.
En 2019 notre groupe double ses effectifs en recrutant 100 nouveaux consultants sur tous nos domaines d’expertise.
En complément de nos implantations de proximité à Toulouse et Paris, nous poursuivons notre maillage local en ouvrant quatre agences à : Bordeaux, Lyon, Nantes, Aix/Marseille.
Nous recrutons aussi sur Hambourg, en République Tchèque et en Suisse.
il y a 20 jours
- Continuer pour postuler
Signaler cette offre d'emploi",il y a 20 jours,"""data scientist""",meaux,03/10/2019,14:58:51,vjk=b3edb6ac3b5490cf,2019-09-13
Data Analyst (H/F),Activus,Île-de-France,vide,"Île-de-France
Pour renforcer notre pôle Big Data, nous recrutons des Data Analysts (H/F).
En fonction de votre profil et de vos souhaits professionnels, vous intervenez chez un de nos clients pour lui apporter votre expertise et votre savoir-faire technologique.
Vos principales missions, si vous les acceptez :
Mener des analyses « Data Science » (R, SAS, Python, D3.js)
Réaliser des pré-analyses constitutives de l'intelligence métier
Mise à disposition de dashboards pour le suivi de KPIs
Design et pilotage de campagnes d’AB Testing & Scorecards
Maintenir, améliorer et concevoir des algorithmes d’extraction d’information provenant de données de différents formats
Mettre en place des protocoles expérimentaux pour démontrer les performances des algorithmes testés
Concevoir et déployer des modèles prédictifs pour piloter les activités marketing et business
Vous assurerez une veille permanente sur de nouvelles méthodologies, librairies, algorithmes et technologies permettant de faire évoluer nos solutions.
Vous êtes apte à intervenir dans un environnement challengeant et dynamique, immergé au sein d’équipes pluridisciplinaires (Data Science, Marketing, Big Data, Finances, Opérationnel …) auxquelles vous souhaitez faire bénéficier de votre expérience technique et fonctionnelle.
Vous effectuez une veille régulière sur les dernières technologies gravitant autour de la data (Dataiku, Spark, Power BI, QlikSense, D3.JS, Highchart.js, plot.ly, Watson, Cortana Intelligence Suite…), et vous êtes force de proposition dans l’évolution des systèmes existants.
Notre Agilité associée à la diversité de nos clients grands-comptes dans les secteurs santé, transport, grande distribution, Télécoms, banque et assurance, offrent aujourd’hui à nos équipes de nombreuses perspectives d’évolution.
PROFIL
Ingénieur grandes écoles, vous justifiez d'un Bac+5 et au minimum de 3 années d’expérience dans une fonction de Data Analyst, Data Miner ou Data Scientist ou Business Analyst.
Passionné par l’informatique et les nouvelles technologies, vous souhaitez retrouver une ambiance dynamique et exigeante qui saura accompagner votre évolution. Vous êtes curieux, motivé et avez le sens du travail en équipe.
Notre dynamisme et les projets innovants sur lesquels nous évoluons offrent à ceux qui nous rejoignent des opportunités motivantes. Nous saurons vous accompagner dans votre évolution.
Alors ! Serez-vous des nôtres ?
ACTIVUS
ACTIVUS-Group est une société de conseil de croissance qui, en 4 ans, est devenue experte dans ses domaines d’intervention :
IA, Big Data, Analytics, DataScience
Conseil et Audit
User Experience et Mobile Apps, DataVizualisation
Sécurité des Systèmes
Infrastructures Cloud et SaaS
Process Industriels
Nous entretenons avec nos partenaires une relation de confiance solide et durable qui s’appuie sur la proximité de nos équipes et l’expertise de nos consultants.
Notre, équipe composée de technophiles passionnés, renforce tous les jours notre ADN par son excellence technologique.
En 2019 notre groupe double ses effectifs en recrutant 100 nouveaux consultants sur tous nos domaines d’expertise.
En complément de nos implantations de proximité à Toulouse et Paris, nous poursuivons notre maillage local en ouvrant quatre agences à : Bordeaux, Lyon, Nantes, Aix/Marseille.
Nous recrutons aussi sur Hambourg, en République Tchèque et en Suisse.
il y a 10 mois
- Continuer pour postuler
Signaler cette offre d'emploi",il y a 10 mois,"""data scientist""",meaux,03/10/2019,14:58:51,vjk=b50c1a0e5015f351,2018-03-12
Practice Manager Big Data H/F,Lincoln,Île-de-France,vide,"Île-de-France
CDI
Pour renforcer notre équipe Conseil, nous sommes à la recherche de notre futur(e) Practice Manager Big Data.
Rattaché(e) à la Direction Conseil & Expertise, vous serez basé(e) à Boulogne et évoluerez au sein d’une équipe pluridisciplinaire. Au cœur de l’entreprise, vous travaillerez au quotidien en collaboration avec les équipes opérationnelles de la direction du Développement, de la direction Commerciale et de la direction Innovation.

En tant que Practice Manager, vous aurez la responsabilité :

De définir, de valoriser et de développer l’offre Big Data de la Practice
De participer et de contribuer aux avant-ventes
De suivre et de piloter le Delivery des projets de type Big Data
De participer aux recrutements
D’accompagner les consultants dans leurs montées en compétence
De faire de la veille technologique et de développer les partenariats sur l’écosystème Big data

Compétences technologiques :

Maîtriser différents systèmes de base de données (SQL et NoSQL)
Maîtriser les technologies utilisées dans le Big Data (Hadoop, Map Reduce, Spark, Hive, Hortonworks, Cloudera, Hbase, Kafka, etc.)
Avoir des connaissances solides en architecture réseau et en administration de systèmes ainsi qu’en outils du cloud (AWS par exemple),
Etre familier avec les concepts et algorithmes de statistiques, de data science, et de deep learning
Etre familier avec les langages couramment utilisés dans la communauté data scientist (Python, R)
Avoir une ou plusieurs expériences pratiques de mise en œuvre de technologie Big Data et de leur optimisation
Avoir une bonne connaissance/expérience de méthodologies d’ingénierie informatique : contrôle des sources, tests unitaires, revue de code

Profil et compétences

De formation Bac + 5 minimum, vous êtes doté(e) d’un excellent sens relationnel et possédez des qualités d’animation d’équipe, un goût prononcé pour la transmission, une appétence pour la pédagogie et une aptitude à rendre accessibles des enjeux techniques pointus.
Vous faites preuve d’une vraie capacité à mettre en valeur l’expertise de Lincoln chez les clients.
Rigoureux(se) et adaptable, vous savez également faire preuve de flexibilité. Une expérience minimum de 5 ans sur les technologies du big data est requise.
il y a 6 mois
- Continuer pour postuler
Signaler cette offre d'emploi",il y a 6 mois,"""data scientist""",meaux,03/10/2019,14:58:51,vjk=3e94aa5c30281036,2019-04-04
Ingénieur Topographe H/F Paris,LTd,Île-de-France,vide,"Île-de-France
CDI
Nous recherchons pour une grande société spécialisée dans l’acquisition et le traitement de données géométriques, un data scientist pour intervenir au sein du département R&D et développer des solutions de mesure.

Vous serez en charge de développer le traitement du signal :
A travers les capteurs permettant de collecter la data
A travers les process d’acquisition terrain
A travers le développement logiciels et solutions SIG

Profil recherché
Vous êtes idéalement issu d’une formation ingénieure et vous avez des connaissances en informatique, en photogrammétrie, en géométrie.
il y a 8 mois
- Continuer pour postuler
Signaler cette offre d'emploi",il y a 8 mois,"""data scientist""",meaux,03/10/2019,14:58:51,oki bien joué,2019-02-02
Ingénieur Topographe H/F Paris,LTd,Île-de-France,vide,"Île-de-France
CDI
Nous recherchons pour une grande société spécialisée dans l’acquisition et le traitement de données géométriques, un data scientist pour intervenir au sein du département R&D et développer des solutions de mesure.

Vous serez en charge de développer le traitement du signal :
A travers les capteurs permettant de collecter la data
A travers les process d’acquisition terrain
A travers le développement logiciels et solutions SIG

Profil recherché
Vous êtes idéalement issu d’une formation ingénieure et vous avez des connaissances en informatique, en photogrammétrie, en géométrie.
il y a 8 mois
- Continuer pour postuler
Signaler cette offre d'emploi",il y a 8 mois,"""data scientist""",meaux,03/10/2019,14:58:51,je suis la ibrahim,2019-02-02
Ingénieur Topographe H/F Paris,LTd,Île-de-France,vide,"Île-de-France
CDI
Nous recherchons pour une grande société spécialisée dans l’acquisition et le traitement de données géométriques, un data scientist pour intervenir au sein du département R&D et développer des solutions de mesure.

Vous serez en charge de développer le traitement du signal :
A travers les capteurs permettant de collecter la data
A travers les process d’acquisition terrain
A travers le développement logiciels et solutions SIG

Profil recherché
Vous êtes idéalement issu d’une formation ingénieure et vous avez des connaissances en informatique, en photogrammétrie, en géométrie.
il y a 8 mois
- Continuer pour postuler
Signaler cette offre d'emploi",il y a 8 mois,"""data scientist""",meaux,03/10/2019,14:58:51,je suis une nouveauté,2019-02-02
